{
  "k=5": {
    "mean_fidelity_ratio": 0.7264797821943341,
    "std_fidelity_ratio": 0.3152268176014156,
    "mean_delta_important": 0.679435113845393,
    "mean_delta_random": 1.3702926813345402
  },
  "k=10": {
    "mean_fidelity_ratio": 0.8566618757073614,
    "std_fidelity_ratio": 0.3093905882281887,
    "mean_delta_important": 1.5747551039606333,
    "mean_delta_random": 2.2707088469713925
  },
  "k=20": {
    "mean_fidelity_ratio": 0.861596601062923,
    "std_fidelity_ratio": 0.2879902294926952,
    "mean_delta_important": 3.26442538395524,
    "mean_delta_random": 4.325608934871853
  },
  "k=50": {
    "mean_fidelity_ratio": 1.0584142152074205,
    "std_fidelity_ratio": 0.5474626047187869,
    "mean_delta_important": 7.671212422698736,
    "mean_delta_random": 8.118670674189925
  },
  "comprehensiveness": {
    "mean": 2.3248115077614786,
    "std": 1.8628934988199373
  },
  "sufficiency": {
    "mean": 23.452370055764913,
    "std": 10.092131314295631
  }
}