{
  "model": "D2STGNN",
  "dataset": "PEMS04",
  "num_samples": 100,
  "target_timestep": 0,
  "top_10_sensors": [
    39,
    203,
    142,
    274,
    250,
    5,
    73,
    145,
    237,
    63
  ],
  "mean_node_importance_stats": {
    "mean": 0.727990984916687,
    "std": 0.03310996666550636,
    "min": 0.609596848487854,
    "max": 0.7958412170410156
  }
}