{
  "model": "STID",
  "dataset": "PEMS-BAY",
  "num_samples": 100,
  "target_timestep": 0,
  "top_10_sensors": [
    82,
    121,
    26,
    301,
    268,
    146,
    104,
    287,
    198,
    274
  ],
  "mean_node_importance_stats": {
    "mean": 0.9294569492340088,
    "std": 0.00035618359106592834,
    "min": 0.9250829815864563,
    "max": 0.9302113056182861
  }
}