{
  "k=5": {
    "mean_fidelity_ratio": 0.7712740699729764,
    "std_fidelity_ratio": 0.5120311046997614,
    "mean_delta_important": 1.8641939310217277,
    "mean_delta_random": 2.1789851039648056
  },
  "k=10": {
    "mean_fidelity_ratio": 0.7934785337297318,
    "std_fidelity_ratio": 0.3331884356064105,
    "mean_delta_important": 3.801066968217492,
    "mean_delta_random": 4.379048135280609
  },
  "k=20": {
    "mean_fidelity_ratio": 0.8512049385027016,
    "std_fidelity_ratio": 0.23387702279678838,
    "mean_delta_important": 7.868407719731331,
    "mean_delta_random": 8.700652668476105
  },
  "k=50": {
    "mean_fidelity_ratio": 0.913810614288089,
    "std_fidelity_ratio": 0.15130566125293424,
    "mean_delta_important": 20.828975081443787,
    "mean_delta_random": 21.974332456588744
  },
  "comprehensiveness": {
    "mean": 7.868406944274902,
    "std": 3.651543730395643
  },
  "sufficiency": {
    "mean": 126.24933563232422,
    "std": 39.473780100022374
  }
}