{
  "k=5": {
    "mean_fidelity_ratio": 0.9439713273176175,
    "std_fidelity_ratio": 0.08256804294103355,
    "mean_delta_important": 1.3832507771253586,
    "mean_delta_random": 1.4653536105155944
  },
  "k=10": {
    "mean_fidelity_ratio": 0.9691904254658354,
    "std_fidelity_ratio": 0.05329484083132153,
    "mean_delta_important": 2.845238742828369,
    "mean_delta_random": 2.9362874579429628
  },
  "k=20": {
    "mean_fidelity_ratio": 0.9888779021429935,
    "std_fidelity_ratio": 0.031077106080528574,
    "mean_delta_important": 5.797097115516663,
    "mean_delta_random": 5.861946382522583
  },
  "k=50": {
    "mean_fidelity_ratio": 1.002148138379454,
    "std_fidelity_ratio": 0.016342575213237228,
    "mean_delta_important": 14.677839603424072,
    "mean_delta_random": 14.64598246574402
  },
  "comprehensiveness": {
    "mean": 5.797097702026367,
    "std": 0.20445377567742803
  },
  "sufficiency": {
    "mean": 89.43557823181152,
    "std": 0.5386723605203453
  }
}