{
  "model": "STID",
  "dataset": "PEMS04",
  "num_samples": 100,
  "target_timestep": 0,
  "top_10_sensors": [
    31,
    266,
    128,
    70,
    247,
    139,
    10,
    136,
    18,
    116
  ],
  "mean_node_importance_stats": {
    "mean": 0.925523579120636,
    "std": 0.0010364637710154057,
    "min": 0.9195232391357422,
    "max": 0.9339161515235901
  }
}