{
  "winsorization_d2": {
    "overlap_raw": 0,
    "overlap_win": 0,
    "p99_threshold": 617459.3093749994,
    "sensors_above_p99": 3,
    "top10_raw": [
      166,
      96,
      176,
      163,
      67,
      0,
      2,
      28,
      90,
      162
    ],
    "top10_win": [
      166,
      96,
      176,
      163,
      67,
      0,
      2,
      28,
      90,
      162
    ],
    "raw_importance_values": [
      334128.09375,
      2005.9044189453125,
      215992.03125,
      582.484130859375,
      383.2276916503906,
      730.0814208984375,
      702.5694580078125,
      5802.1552734375,
      936.9617919921875,
      831.5792846679688,
      470.2066650390625,
      443.4550476074219,
      498.8493347167969,
      1094.1046142578125,
      393.67718505859375,
      907.83740234375,
      293.0173645019531,
      794.940673828125,
      704.6673583984375,
      771.029541015625,
      7799.5126953125,
      2890.9091796875,
      665.2769165039062,
      731.1210327148438,
      19959.4296875,
      440.84478759765625,
      796.7474365234375,
      786.6080932617188,
      197051.828125,
      431.75714111328125,
      4887.33349609375,
      1006.0658569335938,
      28961.994140625,
      322.3099365234375,
      4411.6640625,
      1096.40283203125,
      16436.6328125,
      33676.71875,
      388.41064453125,
      618.1016845703125,
      781.2642211914062,
      2532.276611328125,
      2513.106689453125,
      958.6484985351562,
      5045.083984375,
      39986.20703125,
      493.5494079589844,
      678.4368286132812,
      463.54937744140625,
      1860.93115234375,
      1388.8426513671875,
      723.3880615234375,
      17649.810546875,
      461.5311584472656,
      887.353515625,
      608.013427734375,
      369.775390625,
      741.11376953125,
      2673.775146484375,
      1415.7169189453125,
      639.4733276367188,
      1936.115234375,
      773.5509033203125,
      1622.4381103515625,
      15163.205078125,
      917.053955078125,
      1278.3016357421875,
      350342.0,
      1223.372802734375,
      864.575439453125,
      952.1204223632812,
      519.4512939453125,
      1489.60009765625,
      816.3795166015625,
      589.9212036132812,
      735.5700073242188,
      680.0062255859375,
      531.1321411132812,
      51233.5859375,
      16845.62890625,
      589.240966796875,
      608.973388671875,
      672.952392578125,
      2801.230712890625,
      416.6661376953125,
      5241.33251953125,
      1315.40185546875,
      18308.634765625,
      1407.4520263671875,
      1647.6201171875,
      183712.421875,
      522.2249145507812,
      786.6077880859375,
      5175.81591796875,
      576.1752319335938,
      847.2623291015625,
      1159991.625,
      9286.4150390625,
      1706.1138916015625,
      822.368896484375,
      489.282470703125,
      1000.4869384765625,
      670.14013671875,
      563.7675170898438,
      788.4038696289062,
      24833.091796875,
      2177.513916015625,
      3594.917724609375,
      21046.828125,
      522.0538330078125,
      36229.9765625,
      79832.7265625,
      570.9088134765625,
      814.7503051757812,
      745.4719848632812,
      878.0289916992188,
      837.2378540039062,
      1353.292724609375,
      917.8990478515625,
      954.1195678710938,
      783.8783569335938,
      2192.137939453125,
      707.634765625,
      14167.8017578125,
      495.967041015625,
      556.851318359375,
      577.9441528320312,
      1666.0362548828125,
      1310.557861328125,
      606.1187133789062,
      3203.328369140625,
      1310.98046875,
      46705.04296875,
      999.405029296875,
      511.1222229003906,
      536.2854614257812,
      31114.029296875,
      1453.7088623046875,
      13251.1083984375,
      939.2330322265625,
      654.817138671875,
      646.4991455078125,
      741.2042236328125,
      2651.987548828125,
      546.664306640625,
      86043.234375,
      1296.1470947265625,
      1564.47802734375,
      6961.90283203125,
      1410.03515625,
      940.238525390625,
      482.264892578125,
      785.3474731445312,
      6089.2802734375,
      697.8743286132812,
      693.4890747070312,
      606.1422119140625,
      601.388427734375,
      1064.91357421875,
      1040.7470703125,
      5174.35009765625,
      953.995849609375,
      172058.828125,
      378143.09375,
      612.77294921875,
      523.1190185546875,
      1523339.125,
      5393.56298828125,
      3992.075439453125,
      2090.947509765625,
      878.3245239257812,
      865.8497924804688,
      632.7022094726562,
      11362.2529296875,
      0.0,
      647.5384521484375,
      632734.8125,
      2381.335205078125,
      3013.8310546875,
      637.4544067382812,
      519.1190185546875,
      1022.1309204101562,
      1835.9232177734375,
      946.3533935546875,
      692.5231323242188,
      884.0814208984375,
      3275.736328125,
      696.7498168945312,
      35020.98828125,
      700.3150024414062,
      1813.7738037109375,
      462.0144348144531,
      627.4619140625,
      357.5576171875,
      912.101806640625,
      3011.446044921875,
      335.8269348144531,
      512.3186645507812,
      7509.92529296875,
      2138.441162109375,
      4841.3974609375,
      3563.0224609375,
      851.1407470703125,
      34280.62890625,
      1104.3369140625,
      1349.0166015625,
      597.4183959960938
    ]
  },
  "models": [
    {
      "model": "D2STGNN",
      "ig_top10": [
        166,
        96,
        176,
        163,
        67,
        0,
        2,
        28,
        90,
        162
      ],
      "gnn_top10": [
        174,
        144,
        165,
        51,
        48,
        75,
        125,
        3,
        76,
        5
      ],
      "overlap_count": 0,
      "overlap_sensors": []
    },
    {
      "model": "STAEformer",
      "ig_top10": [
        26,
        57,
        91,
        156,
        196,
        109,
        16,
        181,
        177,
        39
      ],
      "gnn_top10": [
        57,
        181,
        147,
        175,
        10,
        166,
        73,
        92,
        117,
        99
      ],
      "overlap_count": 2,
      "overlap_sensors": [
        57,
        181
      ]
    },
    {
      "model": "MegaCRN",
      "ig_top10": [
        123,
        35,
        16,
        121,
        50,
        196,
        118,
        18,
        203,
        57
      ],
      "gnn_top10": [
        174,
        46,
        10,
        7,
        53,
        173,
        171,
        153,
        108,
        37
      ],
      "overlap_count": 0,
      "overlap_sensors": []
    },
    {
      "model": "MTGNN",
      "ig_top10": [
        175,
        166,
        93,
        171,
        1,
        128,
        74,
        90,
        67,
        149
      ],
      "gnn_top10": [
        174,
        91,
        16,
        56,
        12,
        196,
        144,
        193,
        84,
        15
      ],
      "overlap_count": 0,
      "overlap_sensors": []
    },
    {
      "model": "STID",
      "ig_top10": [
        166,
        145,
        67,
        149,
        90,
        123,
        203,
        111,
        107,
        105
      ],
      "gnn_top10": [
        174,
        66,
        46,
        12,
        84,
        9,
        14,
        88,
        8,
        19
      ],
      "overlap_count": 0,
      "overlap_sensors": []
    },
    {
      "model": "STNorm",
      "ig_top10": [
        132,
        105,
        99,
        67,
        108,
        96,
        37,
        203,
        168,
        45
      ],
      "gnn_top10": [
        184,
        20,
        42,
        59,
        1,
        204,
        146,
        41,
        10,
        109
      ],
      "overlap_count": 0,
      "overlap_sensors": []
    },
    {
      "model": "STGCNChebGraphConv",