{
  "k=5": {
    "mean_fidelity_ratio": 2.197481927011501,
    "std_fidelity_ratio": 1.160470230935193,
    "mean_delta_important": 0.011052351619582623,
    "mean_delta_random": 0.0057051264308393005
  },
  "k=10": {
    "mean_fidelity_ratio": 2.0123512792422242,
    "std_fidelity_ratio": 0.9592684226184032,
    "mean_delta_important": 0.017187092378735544,
    "mean_delta_random": 0.00940761916921474
  },
  "k=20": {
    "mean_fidelity_ratio": 2.08581889182754,
    "std_fidelity_ratio": 0.7258752736031032,
    "mean_delta_important": 0.028352006459608673,
    "mean_delta_random": 0.014339247075840831
  },
  "k=50": {
    "mean_fidelity_ratio": 1.692037517395079,
    "std_fidelity_ratio": 0.5402104828827747,
    "mean_delta_important": 0.0445201232470572,
    "mean_delta_random": 0.02775445577688515
  },
  "comprehensiveness": {
    "mean": 0.02303201250731945,
    "std": 0.009723628287327608
  },
  "sufficiency": {
    "mean": 0.25909673765301705,
    "std": 0.08470170937892288
  },
  "faithfulness_score": 2.08581889182754
}