{
  "DCRNN": {
    "dataset": "METR-LA",
    "MAE": 3.567603203722415,
    "metrics": {
      "MAE": 3.567603203722415,
      "MAPE": 0.10193701051236272,
      "RMSE": 7.141773031415713
    }
  },
  "D2STGNN": {
    "dataset": "METR-LA",
    "MAE": 2.874322851889348,
    "metrics": {
      "MAE": 2.874322851889348,
      "MAPE": 0.07796161854980778,
      "RMSE": 5.9067569742484665
    }
  },
  "MegaCRN": {
    "dataset": "METR-LA",
    "MAE": 3.0432694106260763,
    "metrics": {
      "MAE": 3.0432694106260763,
      "MAPE": 0.08127934128934705,
      "RMSE": 6.190561620587555
    }
  },
  "STAEformer": {
    "dataset": "METR-LA",
    "MAE": 2.940235065325483,
    "metrics": {
      "MAE": 2.940235065325483,
      "MAPE": 0.08155348482030274,
      "RMSE": 5.9950082622893595
    }
  },
  "STGCNChebGraphConv": {
    "dataset": "METR-LA",
    "MAE": 3.132244071500619,
    "metrics": {
      "MAE": 3.132244071500619,
      "MAPE": 0.08587481790094699,
      "RMSE": 6.340380969185272
    }
  },
  "STID": {
    "dataset": "METR-LA",
    "MAE": 3.120551046465061,
    "metrics": {
      "MAE": 3.120551046465061,
      "MAPE": 0.09066981625024782,
      "RMSE": 6.483091886016195
    }
  },
  "STNorm": {
    "dataset": "METR-LA",
    "MAE": 3.1165643740218214,
    "metrics": {
      "MAE": 3.1165643740218214,
      "MAPE": 0.08573763847612581,
      "RMSE": 6.398648744446958
    }
  }
}