{
  "summary": {
    "total_models": 30,
    "num_architectures": 8,
    "model_counts": {
      "DCRNN": 1,
      "D2STGNN": 6,
      "DLinear": 1,
      "MegaCRN": 5,
      "STAEformer": 1,
      "STGCNChebGraphConv": 5,
      "STID": 6,
      "STNorm": 5
    },
    "ensemble_MAE": 3.145787218940272,
    "ensemble_std": 0.5763465386324882,
    "best_model_MAE": 0.44034824824916013,
    "worst_model_MAE": 4.178186296902862
  },
  "ensemble_statistics": {
    "overall": {
      "mean": 3.145787218940272,
      "std": 0.5763465386324882,
      "median": 3.1430301769518616,
      "min": 0.44034824824916013,
      "max": 4.178186296902862,
      "q25": 3.115809287602155,
      "q75": 3.264856263041834,
      "iqr": 0.14904697543967904
    },
    "horizon_3": {
      "mean": 2.754537748613138,
      "std": 0.11497456694800548,
      "median": 2.8085527758303934,
      "min": 2.5615358520791287,
      "max": 3.021030006911224,
      "q25": 2.6705210889702893,
      "q75": 2.828200348986859,
      "iqr": 0.1576792600165695
    },
    "horizon_6": {
      "mean": 3.1665129615822085,
      "std": 0.12442417033614964,
      "median": 3.1787077086752507,
      "min": 2.911979851133541,
      "max": 3.5748244251785026,
      "q25": 3.082110180834428,
      "q75": 3.2107456757352995,
      "iqr": 0.12863549490087145
    },
    "horizon_12": {
      "mean": 4.091393184769129,
      "std": 1.2187730710605849,
      "median": 3.6344006350098454,
      "min": 3.3338236596528494,
      "max": 8.454253278616392,
      "q25": 3.5745127107195094,
      "q75": 3.849577331134994,
      "iqr": 0.27506462041548474
    }
  },
  "uncertainty_quantification": {
    "overall": {
      "mean": 3.145787218940272,
      "median": 3.1430301769518616,
      "std": 0.5763465386324882,
      "PI_50": [
        3.115809287602155,
        3.264856263041834
      ],
      "PI_90": [
        2.903983347935609,
        3.880688664501691
      ],
      "PI_95": [
        2.2049798358882966,
        4.123615019957473
      ],
      "width_50": 0.14904697543967904,
      "width_90": 0.9767053165660822,
      "width_95": 1.9186351840691764
    },
    "horizon_3": {
      "mean": 2.754537748613138,
      "median": 2.8085527758303934,
      "std": 0.11497456694800548,
      "PI_50": [
        2.6705210889702893,
        2.828200348986859
      ],
      "PI_90": [
        2.570830859532832,
        2.881416161394241
      ],
      "PI_95": [
        2.567693945812786,
        2.9285876274933034
      ],
      "width_50": 0.1576792600165695,
      "width_90": 0.31058530186140887,
      "width_95": 0.3608936816805173
    },
    "horizon_6": {
      "mean": 3.1665129615822085,
      "median": 3.1787077086752507,
      "std": 0.12442417033614964,
      "PI_50": [
        3.082110180834428,
        3.2107456757352995
      ],
      "PI_90": [
        2.9814908031941765,
        3.3136958923466917
      ],
      "PI_95": [
        2.9526048830872353,
        3.401489176175711
      ],
      "width_50": 0.12863549490087145,
      "width_90": 0.33220508915251523,
      "width_95": 0.44888429308847577
    },
    "horizon_12": {
      "mean": 4.091393184769129,
      "median": 3.6344006350098454,
      "std": 1.2187730710605849,
      "PI_50": [
        3.5745127107195094,
        3.849577331134994
      ],
      "PI_90": [
        3.399466263390568,
        7.082838662540971
      ],
      "PI_95": [
        3.348330752188542,
        8.201903505477421
      ],
      "width_50": 0.27506462041548474,
      "width_90": 3.6833723991504033,
      "width_95": 4.85357275328888
    }
  },
  "model_details": [
    {
      "model": "DLinear",
      "MAE_overall": 0.44034824824916013,
      "MAE_h3": null,
      "MAE_h6": null,
      "MAE_h12": null
    },
    {
      "model": "D2STGNN",
      "MAE_overall": 2.874322851889348,
      "MAE_h3": 2.5615358520791287,
      "MAE_h6": 2.911979851133541,
      "MAE_h12": 3.3338236596528494
    },
    {
      "model": "STAEformer",
      "MAE_overall": 2.940235065325483,
      "MAE_h3": 2.650819463167251,
      "MAE_h6": 2.97001561106739,
      "MAE_h12": 3.3545480775609815
    },
    {
      "model": "D2STGNN",
      "MAE_overall": 2.9864924983620798,
      "MAE_h3": 2.6803735079232753,
      "MAE_h6": 2.9987035913843565,
      "MAE_h12": 3.466843542134947
    },
    {
      "model": "MegaCRN",
      "MAE_overall": 3.0432694106260763,
      "MAE_h3": 2.6653952341958833,
      "MAE_h6": 3.0702259657846707,
      "MAE_h12": 3.5903345723133615
    },
    {
      "model": "MegaCRN",
      "MAE_overall": 3.1019073835379407,
      "MAE_h3": 2.6776013245124015,
      "MAE_h6": 3.1263669835865815,
      "MAE_h12": 3.7220317589881504
    },
    {
      "model": "STID",
      "MAE_overall": 3.114964743218713,
      "MAE_h3": 2.812727922777944,
      "MAE_h6": 3.1723874931410507,
      "MAE_h12": 3.5354831104723394
    },
    {
      "model": "MegaCRN",
      "MAE_overall": 3.115557592128933,
      "MAE_h3": 2.6705210889702893,
      "MAE_h6": 3.1265155623941188,
      "MAE_h12": 3.7843050210889317
    },
    {
      "model": "STNorm",
      "MAE_overall": 3.1165643740218214,
      "MAE_h3": 2.7996676553590696,
      "MAE_h6": 3.1659056995602017,
      "MAE_h12": 3.5745127107195094
    },
    {
      "model": "STID",
      "MAE_overall": 3.120551046465061,
      "MAE_h3": 2.8085527758303934,
      "MAE_h6": 3.1813786755759472,
      "MAE_h12": 3.5489473398945486
    },
    {
      "model": "STID",
      "MAE_overall": 3.127487747891036,
      "MAE_h3": 2.8174814710461527,
      "MAE_h6": 3.180421996485624,
      "MAE_h12": 3.568154750162891
    },
    {
      "model": "STGCNChebGraphConv",
      "MAE_overall": 3.132244071500619,
      "MAE_h3": 2.775376042535457,
      "MAE_h6": 3.1728136454664635,
      "MAE_h12": 3.639512017712176
    },
    {
      "model": "STID",
      "MAE_overall": 3.1326646654126535,
      "MAE_h3": 2.828997904070245,
      "MAE_h6": 3.1834514003086802,
      "MAE_h12": 3.567161773030956
    },
    {
      "model": "MegaCRN",
      "MAE_overall": 3.133771111285938,
      "MAE_h3": 2.6866503360568217,
      "MAE_h6": 3.1524828432451164,
      "MAE_h12": 3.7997996039944577
    },
    {
      "model": "STNorm",
      "MAE_overall": 3.1399509043273226,
      "MAE_h3": 2.81241783469641,
      "MAE_h6": 3.1954398877592425,
      "MAE_h12": 3.588053363386488
    },
    {
      "model": "STID",
      "MAE_overall": 3.146109449576401,
      "MAE_h3": 2.825588876793131,
      "MAE_h6": 3.205021192373804,
      "MAE_h12": 3.5915941732213708
    },
    {
      "model": "STNorm",
      "MAE_overall": 3.1522845824165313,
      "MAE_h3": 2.8221994473014895,
      "MAE_h6": 3.2105327913744874,
      "MAE_h12": 3.615663234944438
    },
    {
      "model": "STNorm",
      "MAE_overall": 3.1556165649082293,
      "MAE_h3": 2.837322220344554,
      "MAE_h6": 3.215236498786941,
      "MAE_h12": 3.601505738907979
    },
    {
      "model": "STID",
      "MAE_overall": 3.1563298334046603,
      "MAE_h3": 2.828200348986859,
      "MAE_h6": 3.2107456757352995,
      "MAE_h12": 3.6076420672351848
    },
    {
      "model": "MegaCRN",
      "MAE_overall": 3.1627468757422657,
      "MAE_h3": 2.7005741147049958,
      "MAE_h6": 3.1787077086752507,
      "MAE_h12": 3.849151748767308
    },
    {
      "model": "STNorm",
      "MAE_overall": 3.1671618369115473,
      "MAE_h3": 2.8273668082802454,
      "MAE_h6": 3.217535946875016,
      "MAE_h12": 3.6344006350098454
    },
    {
      "model": "STGCNChebGraphConv",
      "MAE_overall": 3.260794129715537,
      "MAE_h3": 2.860758645666805,
      "MAE_h6": 3.2863716676668218,
      "MAE_h12": 3.8487061018150053
    },
    {
      "model": "STGCNChebGraphConv",
      "MAE_overall": 3.266210307483933,
      "MAE_h3": 2.852153413266933,
      "MAE_h6": 3.291028056745075,
      "MAE_h12": 3.8748246771325774
    },
    {
      "model": "STGCNChebGraphConv",
      "MAE_overall": 3.269590524716407,
      "MAE_h3": 2.8700862061571675,