{
  "k=5": {
    "mean_fidelity_ratio": 1.1556337600103386,
    "std_fidelity_ratio": 0.8929905297476386,
    "mean_delta_important": 0.6859244635701179,
    "mean_delta_random": 0.8846955805271864
  },
  "k=10": {
    "mean_fidelity_ratio": 1.0416660921019023,
    "std_fidelity_ratio": 0.4238936655554731,
    "mean_delta_important": 1.2240869569778443,
    "mean_delta_random": 1.5227729028463364
  },
  "k=20": {
    "mean_fidelity_ratio": 0.9712977748232225,
    "std_fidelity_ratio": 0.2271114232966197,
    "mean_delta_important": 2.190889331102371,
    "mean_delta_random": 2.6265597143769264
  },
  "k=50": {
    "mean_fidelity_ratio": 0.9333475075645853,
    "std_fidelity_ratio": 0.2188081897963693,
    "mean_delta_important": 4.802028341293335,
    "mean_delta_random": 5.517361189723015
  },
  "comprehensiveness": {
    "mean": 2.01159464687109,
    "std": 1.620576160413287
  },
  "sufficiency": {
    "mean": 11.612027781531214,
    "std": 8.632784214715551
  }
}