{
  "model": "D2STGNN",
  "dataset": "PEMS-BAY",
  "num_samples": 100,
  "target_timestep": 0,
  "top_10_sensors": [
    41,
    94,
    247,
    21,
    273,
    80,
    67,
    290,
    161,
    151
  ],
  "mean_node_importance_stats": {
    "mean": 0.8829727172851562,
    "std": 0.024112967774271965,
    "min": 0.7573438286781311,
    "max": 0.9150461554527283
  }
}