{
  "k=5": {
    "mean_fidelity_ratio": 1.3923198360701725,
    "std_fidelity_ratio": 1.3775087230173835,
    "mean_delta_important": 19.054346092045307,
    "mean_delta_random": 20.15339847832918
  },
  "k=10": {
    "mean_fidelity_ratio": 1.2621517621886165,
    "std_fidelity_ratio": 0.9709759825617381,
    "mean_delta_important": 20.260018453001976,
    "mean_delta_random": 21.04107310473919
  },
  "k=20": {
    "mean_fidelity_ratio": 1.2888199543229957,
    "std_fidelity_ratio": 1.4347485341691786,
    "mean_delta_important": 20.271994619369508,
    "mean_delta_random": 22.855669132471085
  },
  "k=50": {
    "mean_fidelity_ratio": 1.0592862380954582,
    "std_fidelity_ratio": 0.73817201136775,
    "mean_delta_important": 20.83052127599716,
    "mean_delta_random": 24.35616077184677
  },
  "comprehensiveness": {
    "mean": 13.688067283630371,
    "std": 16.29662491517603
  },
  "sufficiency": {
    "mean": 24.607991943359377,
    "std": 23.025304016549715
  }
}