{
  "k=5": {
    "mean_fidelity_ratio": 0.3801640672027821,
    "std_fidelity_ratio": 0.22918363115653104,
    "mean_delta_important": 0.05035866264253855,
    "mean_delta_random": 0.14470296531915663
  },
  "k=10": {
    "mean_fidelity_ratio": 0.5585621163492417,
    "std_fidelity_ratio": 0.26796719529967783,
    "mean_delta_important": 0.11122198045253753,
    "mean_delta_random": 0.19635628201067448
  },
  "k=20": {
    "mean_fidelity_ratio": 0.7204813642582582,
    "std_fidelity_ratio": 0.19417791687837874,
    "mean_delta_important": 0.1913887497037649,
    "mean_delta_random": 0.2610943831503391
  },
  "k=50": {
    "mean_fidelity_ratio": 1.1218877028806609,
    "std_fidelity_ratio": 0.24585869675824543,
    "mean_delta_important": 0.3135119977593422,
    "mean_delta_random": 0.30250094026327135
  },
  "comprehensiveness": {
    "mean": 0.05092306286096573,
    "std": 0.09979252733615382
  },
  "sufficiency": {
    "mean": 0.38101762779057025,
    "std": 0.2048097155213148
  }
}