{
  "MTGNN": {
    "validity_mae_increase": 0.049808502197265625,
    "baseline_mae": 50.63429260253906,
    "masked_mae": 50.68410110473633
  },
  "STAEformer": {
    "validity_mae_increase": 0.1090240478515625,
    "baseline_mae": 52.19552230834961,
    "masked_mae": 52.30454635620117
  },
  "STNorm": {
    "validity_mae_increase": 0.69732666015625,
    "baseline_mae": 51.84834671020508,
    "masked_mae": 52.54567337036133
  },
  "STGCNChebGraphConv": {
    "validity_mae_increase": 0.0076751708984375,
    "baseline_mae": 52.456729888916016,
    "masked_mae": 52.46440505981445
  }
}