{
  "D2STGNN": {
    "validity_mae_increase": -0.2940635681152344,
    "stability_jaccard": 0.2236842105263158
  },
  "MegaCRN": {
    "validity_mae_increase": -0.026599884033203125,
    "stability_jaccard": 0.5091277890466531
  },
  "STID": {
    "validity_mae_increase": -3.302459716796875,
    "stability_jaccard": 0.6209150326797386
  }
}