{
  "relative_entropy_sensor": 1.0000000104856008,
  "entropy_sensor": 5.332718849182129,
  "max_entropy_sensor": 5.332718793265369,
  "top_5_sensors_by_attention": [
    206,
    64,
    74,
    73,
    72
  ],
  "std_sensor_importance": 4.656612873077393e-10
}