{
  "model": "MTGNN",
  "dataset": "METR-LA",
  "num_samples": 100,
  "target_timestep": 0,
  "top_10_sensors": [
    174,
    91,
    16,
    56,
    12,
    196,
    144,
    193,
    84,
    15
  ],
  "mean_node_importance_stats": {
    "mean": 0.9004055857658386,
    "std": 0.006694270297884941,
    "min": 0.8877024054527283,
    "max": 0.925352156162262
  }
}