{
  "model": "MTGNN",
  "dataset": "PEMS-BAY",
  "num_samples": 100,
  "target_timestep": 0,
  "top_10_sensors": [
    268,
    41,
    9,
    8,
    138,
    43,
    21,
    295,
    23,
    137
  ],
  "mean_node_importance_stats": {
    "mean": 0.9033308029174805,
    "std": 0.003157145343720913,
    "min": 0.8944269418716431,
    "max": 0.9131279587745667
  }
}