{
  "results": [
    {
      "model": "D2STGNN",
      "dataset": "METR-LA",
      "n_samples": 100,
      "n_steps": 50,
      "attribution_shape": [
        100,
        12,
        207,
        3
      ],
      "non_zero_count": 225468,
      "top_10_sensors": [
        166,
        96,
        176,
        163,
        67,
        0,
        2,
        28,
        90,
        162
      ],
      "sensor_importance_mean": 29431.763671875,
      "sensor_importance_std": 146528.5625,
      "sensor_importance_min": 0.0,
      "sensor_importance_max": 1523339.125,
      "top_sensor_importance_values": [
        1523339.125,
        1159991.625,
        632734.8125,
        378143.09375,
        350342.0
      ],
      "status": "pass"
    },
    {
      "model": "STAEformer",
      "dataset": "METR-LA",
      "n_samples": 100,
      "n_steps": 50,
      "attribution_shape": [
        100,
        12,
        207,
        3
      ],
      "non_zero_count": 473868,
      "top_10_sensors": [
        26,
        57,
        91,
        156,
        196,
        109,
        16,
        181,
        177,
        39
      ],
      "sensor_importance_mean": 160.20745849609375,
      "sensor_importance_std": 139.62147521972656,
      "sensor_importance_min": 20.916034698486328,
      "sensor_importance_max": 1303.9471435546875,
      "top_sensor_importance_values": [
        1303.9471435546875,
        1132.30810546875,
        903.1226806640625,
        616.3657836914062,
        596.002685546875
      ],
      "status": "pass"
    },
    {
      "model": "MegaCRN",
      "dataset": "METR-LA",
      "n_samples": 100,
      "n_steps": 50,
      "attribution_shape": [
        100,
        12,
        207,
        3
      ],
      "non_zero_count": 246168,
      "top_10_sensors": [
        123,
        35,
        16,
        121,
        50,
        196,
        118,
        18,
        203,
        57
      ],
      "sensor_importance_mean": 881.9451293945312,
      "sensor_importance_std": 748.2531127929688,
      "sensor_importance_min": 1.5822012424468994,
      "sensor_importance_max": 5515.23193359375,
      "top_sensor_importance_values": [
        5515.23193359375,
        4987.095703125,
        4439.7265625,
        4431.80078125,
        3400.094970703125
      ],
      "status": "pass"
    },
    {
      "model": "MTGNN",
      "dataset": "METR-LA",
      "n_samples": 100,
      "n_steps": 50,
      "attribution_shape": [
        100,
        12,
        207,
        2
      ],
      "non_zero_count": 473868,
      "top_10_sensors": [
        175,
        166,
        93,
        171,
        1,
        128,
        74,
        90,
        67,
        149
      ],
      "sensor_importance_mean": 336.4239196777344,
      "sensor_importance_std": 43.17905807495117,
      "sensor_importance_min": 17.893192291259766,
      "sensor_importance_max": 428.4385986328125,
      "top_sensor_importance_values": [
        428.4385986328125,
        416.1180114746094,
        409.40167236328125,
        405.9402770996094,
        397.9985656738281
      ],
      "status": "pass"
    },
    {
      "model": "STID",
      "dataset": "METR-LA",
      "n_samples": 100,
      "n_steps": 50,
      "attribution_shape": [
        100,
        12,
        207,
        3
      ],
      "non_zero_count": 473868,
      "top_10_sensors": [
        166,
        145,
        67,
        149,
        90,
        123,
        203,
        111,
        107,
        105
      ],
      "sensor_importance_mean": 3286.40576171875,
      "sensor_importance_std": 589.8749389648438,
      "sensor_importance_min": 11.864985466003418,
      "sensor_importance_max": 4094.7001953125,
      "top_sensor_importance_values": [
        4094.7001953125,
        3984.69384765625,
        3948.658447265625,
        3948.143798828125,
        3935.35791015625
      ],
      "status": "pass"
    },
    {
      "model": "STNorm",
      "dataset": "METR-LA",
      "n_samples": 100,
      "n_steps": 50,
      "attribution_shape": [
        100,
        12,
        207,
        2
      ],
      "non_zero_count": 473868,
      "top_10_sensors": [
        132,
        105,
        99,
        67,
        108,
        96,
        37,
        203,
        168,
        45
      ],
      "sensor_importance_mean": 10007.56640625,
      "sensor_importance_std": 6857.77587890625,
      "sensor_importance_min": 97.73717498779297,
      "sensor_importance_max": 45036.015625,
      "top_sensor_importance_values": [
        45036.015625,
        42385.92578125,
        38809.57421875,
        38803.96484375,
        35433.58984375
      ],
      "status": "pass"
    },
    {
      "model": "STGCNChebGraphConv",
      "dataset": "METR-LA",
      "n_samples": 100,
      "n_steps": 50,
      "attribution_shape": [
        100,
        12,
        207,
        1
      ],
      "non_zero_count": 225468,
      "top_10_sensors": [
        107,
        192,
        35,
        191,
        161,
        15,
        3,
        93,
        4,
        85
      ],
      "sensor_importance_mean": 157.83197021484375,
      "sensor_importance_std": 100.14643096923828,
      "sensor_importance_min": 0.0,
      "sensor_importance_max": 720.5516357421875,
      "top_sensor_importance_values": [
        720.5516357421875,
        524.8993530273438,
        514.871337890625,
        484.920166015625,
        483.6029052734375
      ],
      "status": "pass"
    }
  ],
  "d2stgnn_ig_gnn_top10_overlap": [],
  "d2stgnn_overlap_count": 0
}